ID,Chr1,Break1,Chr2,Break2,
SAMPLE1,14,16019088,12,62784483,
SAMPLE1,9,99412502,7,129302434,
SAMPLE1,13,84663781,18,52991509,
SAMPLE1,1,153160367,22,33751554,
SAMPLE1,18,12249358,3,146222593,
SAMPLE1,21,8658030,X,133492043,
SAMPLE1,12,120178477,1,155354923,
SAMPLE2,11,101374238,22,26701405,
SAMPLE2,2,121708638,7,137424167,
SAMPLE2,16,43027789,22,23791492,
SAMPLE2,19,3862589,16,37135239,
SAMPLE2,20,50294222,1,164250235,
SAMPLE2,X,67392415,15,3327412,
SAMPLE3,22,34268355,10,19871820,
SAMPLE3,14,56600342,hs37d5,5744957,
SAMPLE3,Y,12191863,hs37d5,29189687,
SAMPLE3,GL000207.1,3328,6,144150737,
SAMPLE3,2,51849987,20,47304716,
SAMPLE3,6,66742149,6,31916435,
SAMPLE3,8,107868940,hs37d5,20517614,
SAMPLE4,8,135644313,3,116748248,
SAMPLE4,7,6037836,21,34855497,
SAMPLE4,7,109724564,14,106387943,
SAMPLE4,1,100482630,hs37d5,17907103,
SAMPLE4,22,21329746,19,49132777,
SAMPLE4,10,79484145,22,48499740,
SAMPLE4,10,79484145,17,20945220,
SAMPLE4,11,122930352,22,22765050,
SAMPLE4,Y,30102935,17,20945220,
SAMPLE4,7,88998071,7,88999025,
SAMPLE4,7,134692916,6,59279632,
SAMPLE4,4,18658364,4,18658859,
SAMPLE4,6,58073561,7,113049570,
SAMPLE4,11,116735804,GL000207.1,3110,
SAMPLE4,22,12753561,10,93983219,
SAMPLE4,10,127888623,10,127889381,
SAMPLE5,6,170379443,17,80831681,
SAMPLE5,GL000207.1,3798,11,19274204,
SAMPLE5,9,1133301,7,134732389,
SAMPLE5,8,77149226,16,26753461,
SAMPLE5,7,16278731,10,83172731,
SAMPLE5,8,64172480,hs37d5,3222490,
SAMPLE5,11,83471004,14,85966489,
SAMPLE5,5,20810285,22,7340004,
SAMPLE5,6,123764501,MT,15967,
SAMPLE5,7,150114646,Y,3930914,
SAMPLE6,GL000207.1,1542,16,75625963,
SAMPLE6,21,3692977,21,44510875,
SAMPLE6,18,17920148,X,144608009,
SAMPLE6,3,144849151,GL000207.1,466,
SAMPLE6,4,149672094,3,185716105,
SAMPLE6,15,30455273,2,78238193,
SAMPLE6,18,31707099,2,187464066,
SAMPLE6,2,173488014,NC_007605,31062,
SAMPLE6,X,13113310,22,22014231,
SAMPLE6,8,43600568,11,4511056,
SAMPLE6,MT,14414,10,98068539,
SAMPLE6,7,121989817,8,145405637,
SAMPLE6,16,67070418,3,1508171,
SAMPLE6,1,244043779,1,71692260,
SAMPLE6,NC_007605,150050,MT,6326,
SAMPLE7,13,108406515,4,103771354,
SAMPLE7,1,192482367,17,39548764,
SAMPLE7,5,156624669,GL000207.1,314,
SAMPLE7,19,24395717,3,10876086,
SAMPLE7,4,174399989,20,59075611,
SAMPLE7,7,7433935,11,28020133,
SAMPLE7,7,30987719,15,31607367,
SAMPLE8,NC_007605,132231,NC_007605,153898,
SAMPLE8,12,5808948,1,126650799,
SAMPLE8,X,62416825,9,103363021,
SAMPLE8,22,49569332,11,43957639,
SAMPLE8,18,33987824,9,20235198,
SAMPLE8,5,62079602,GL000207.1,2272,
SAMPLE8,12,82038786,4,188188728,
SAMPLE8,1,238731382,5,147513508,
SAMPLE8,hs37d5,25716840,GL000207.1,2466,
SAMPLE8,19,30665368,15,88366003,
SAMPLE8,14,82447532,21,15166596,
SAMPLE8,21,17082231,20,15076736,
SAMPLE8,1,139050751,19,17400358,
SAMPLE8,18,23976076,GL000207.1,723,
SAMPLE8,11,60328961,GL000207.1,256,
SAMPLE9,16,23453480,GL000207.1,3057,
SAMPLE9,7,95490728,9,89410590,
SAMPLE9,10,21675120,Y,27300286,
SAMPLE9,NC_007605,118889,Y,30353363,
SAMPLE9,2,172625375,3,140646175,
SAMPLE9,9,1853842,18,59233042,
SAMPLE9,9,54636902,14,55352858,
SAMPLE9,8,21951154,7,54405063,
SAMPLE9,15,42446898,20,9996637,
SAMPLE9,1,8928882,Y,33387475,
SAMPLE9,16,32688406,8,77568655,
SAMPLE9,6,103119146,6,939420,
SAMPLE9,19,14532685,10,6879161,
SAMPLE9,NC_007605,28282,2,148488908,
SAMPLE10,6,22883110,13,103743864,
SAMPLE10,MT,7973,10,64589648,
SAMPLE10,4,170386551,10,18115326,
SAMPLE10,13,1987292,16,30986341,
SAMPLE10,15,98927733,20,45592948,
SAMPLE10,10,23863882,5,171994772,
SAMPLE10,X,38494022,8,41894232,
SAMPLE10,14,72225317,13,80044106,
SAMPLE10,4,43738331,MT,1988,
SAMPLE10,12,40058944,1,248492226,
SAMPLE10,X,14558186,15,22615302,
SAMPLE10,10,59857362,8,15918102,
SAMPLE10,10,62237971,NC_007605,139416,
