Sample,Chr1,Break1,Dir1,Chr2,Break2,Dir2,MutationType,Gene1,Gene2
SAMPLE1,14,16019088,-,12,62784483,+,deletion,LS7T1EG444,4GRRIO5AVR
SAMPLE1,9,99412502,-,7,129302434,+,translocation,FQFW16UF5U,QP779MLPNV
SAMPLE1,13,84663781,+,18,52991509,-,deletion,Q9VX1I9U3I,7XM09ETN40
SAMPLE1,1,153160367,+,22,33751554,+,inversion,CEE2SPV1R1,PVYYQIVS8G
SAMPLE1,18,12249358,-,3,146222593,+,translocation,HH9OL7CK6G,XD80LI4E6Q
SAMPLE1,21,8658030,+,X,133492043,-,tandem_duplication,I20EVP15ZM,WPE8O5H237
SAMPLE1,12,120178477,+,1,155354923,-,deletion,IMYXD3TCA4,3MNN5J0MDN
SAMPLE2,11,101374238,+,22,26701405,+,translocation,FZ7LOS66RD,9WYBJR57E0
SAMPLE2,2,121708638,-,7,137424167,-,translocation,5655M5E46B,HB14VJXDHV
SAMPLE2,16,43027789,+,22,23791492,-,inversion,REFSIL0H2M,L5EA31R8U0
SAMPLE2,19,3862589,-,16,37135239,+,deletion,1IRWHVZLH8,6FUR9YMZOH
SAMPLE2,20,50294222,+,1,164250235,-,inversion,DOH5G0YRQ9,9TWYMR5CZ2
SAMPLE2,X,67392415,+,15,3327412,+,translocation,EM36MRX9B3,G4FPLN527D
SAMPLE3,22,34268355,+,10,19871820,+,tandem_duplication,9SVRQCFVCO,2BEWSO91FZ
SAMPLE3,14,56600342,-,hs37d5,5744957,+,deletion,UTLVCZ63SK,5I74M5NKDC
SAMPLE3,Y,12191863,-,hs37d5,29189687,-,inversion,3PLD4C20IZ,BVYMBTIFKD
SAMPLE3,GL000207.1,3328,-,6,144150737,-,translocation,XKRI162LXG,N63R323DXH
SAMPLE3,2,51849987,-,20,47304716,+,inversion,9HK7LTVZST,DNCS44WCW0
SAMPLE3,6,66742149,-,6,31916435,+,translocation,TJJCWQ6K6J,V5X8Y5QHVS
SAMPLE3,8,107868940,-,hs37d5,20517614,+,inversion,LSP7GZ27F6,K6820OYUDF
SAMPLE4,8,135644313,-,3,116748248,-,translocation,UGR3O3UQS3,SOA8DC1SVF
SAMPLE4,7,6037836,-,21,34855497,-,inversion,KEHLYR1QQS,F5J3QLOZ5I
SAMPLE4,7,109724564,+,14,106387943,-,tandem_duplication,FUJKDGDW5K,E44HKKEN06
SAMPLE4,1,100482630,-,hs37d5,17907103,+,tandem_duplication,Y782HJ5Y9Z,U0ZMURAWXL
SAMPLE4,22,21329746,+,19,49132777,-,tandem_duplication,Z3JQJDLZ5Q,T456SI8NFE
SAMPLE4,10,79484145,+,22,48499740,-,translocation,BEW4LC26A9,U985JNNU2W
SAMPLE4,10,79484145,+,17,20945220,-,translocation,BEW4LC26A9,U985JNNU2W
SAMPLE4,11,122930352,+,22,22765050,-,deletion,46NNN0OFRV,JPUS6N5749
SAMPLE4,Y,30102935,+,17,20945220,-,translocation,WX0R8IGEK7,EUAXA4NFHN
SAMPLE4,7,88998071,-,7,88999025,+,inversion,523QAD1C8I,523QAD1C8I
SAMPLE4,7,134692916,-,6,59279632,-,tandem_duplication,QVH5C6GNQK,LUJESA5CAC
SAMPLE4,4,18658364,-,4,18658859,-,deletion,76CX2VBN92,76CX2VBN92
SAMPLE4,6,58073561,+,7,113049570,-,inversion,XQY7GCETVS,PHN2WTGOLS
SAMPLE4,11,116735804,+,GL000207.1,3110,-,inversion,ZD4TVVRU35,674VCOWP3Y
SAMPLE4,22,12753561,+,10,93983219,-,tandem_duplication,OWWS9EYKPA,7LYZCPRWQE
SAMPLE4,10,127888623,-,10,127889381,-,tandem_duplication,1V92D2XBKB,1V92D2XBKB
SAMPLE5,6,170379443,-,17,80831681,-,deletion,LEEM78T94A,7XL15GMBTG
SAMPLE5,GL000207.1,3798,-,11,19274204,-,inversion,REDDMI708P,HLQCR963R5
SAMPLE5,9,1133301,-,7,134732389,+,tandem_duplication,AUGJHPYY5R,XVL9G2Y5X9
SAMPLE5,8,77149226,+,16,26753461,-,tandem_duplication,H0Y20DBD1E,5NKT2ASPG3
SAMPLE5,7,16278731,+,10,83172731,-,translocation,93AESRZLEE,YZ6WS39WMB
SAMPLE5,8,64172480,-,hs37d5,3222490,-,deletion,SNDFVFEKBO,L6SHOG66XA
SAMPLE5,11,83471004,+,14,85966489,+,inversion,L7M0UDTPQ5,M4DTGT0ML5
SAMPLE5,5,20810285,+,22,7340004,+,tandem_duplication,71MB9E5TTO,JAUV7W6UKT
SAMPLE5,6,123764501,-,MT,15967,-,tandem_duplication,JQYJGDA55A,504A48IU6C
SAMPLE5,7,150114646,+,Y,3930914,-,translocation,NSOMTTCSG2,QM0BXA34DC
SAMPLE6,GL000207.1,1542,+,16,75625963,-,deletion,HG1U0188IV,TR7XVJJYVH
SAMPLE6,21,3692977,-,21,44510875,+,tandem_duplication,RV1LGQXB9D,7SBB6O5SCF
SAMPLE6,18,17920148,+,X,144608009,+,inversion,TNFICY6HOP,FLPJ3LKYEK
SAMPLE6,3,144849151,+,GL000207.1,466,-,tandem_duplication,XU8KX6X3HX,TNVR87G29C
SAMPLE6,4,149672094,+,3,185716105,+,inversion,FU23DJ4Q20,MLKJP6DHMF
SAMPLE6,15,30455273,-,2,78238193,-,translocation,SHU259UCN0,ERQ3B751EJ
SAMPLE6,18,31707099,+,2,187464066,-,deletion,3BBXNLV4L0,2KCD4ABQKF
SAMPLE6,2,173488014,+,NC_007605,31062,-,translocation,RQ1KEQ7Q66,7KSGAERDHY
SAMPLE6,X,13113310,-,22,22014231,-,tandem_duplication,EJWJPOI28R,8TCTGP98KC
SAMPLE6,8,43600568,-,11,4511056,-,deletion,CLQE7SHAC0,ZAR4QCMZQC
SAMPLE6,MT,14414,-,10,98068539,-,tandem_duplication,JVM20FPC5D,OPLLGJB9EZ
SAMPLE6,7,121989817,+,8,145405637,+,translocation,X0ACLQM3T6,Y3ZK0NSAAI
SAMPLE6,16,67070418,+,3,1508171,+,translocation,2PL9Y1IHDT,K5OMKPB6X1
SAMPLE6,1,244043779,+,1,71692260,+,tandem_duplication,80UBEXTRIK,EGRJWCKCR4
SAMPLE6,NC_007605,150050,-,MT,6326,-,tandem_duplication,NMCYXJ0HAE,K591YCUFSW
SAMPLE7,13,108406515,-,4,103771354,-,tandem_duplication,D4MV8CVUMH,7GO6H15CL3
SAMPLE7,1,192482367,-,17,39548764,-,tandem_duplication,GBSS53RWD7,7GFQ9EX33K
SAMPLE7,5,156624669,+,GL000207.1,314,-,deletion,ONWK7YL6X2,AQPZL2HG96
SAMPLE7,19,24395717,-,3,10876086,-,tandem_duplication,G9R6FMQ0UX,40ZZ3JOOCL
SAMPLE7,4,174399989,+,20,59075611,+,inversion,P0AFN2SI82,XO7PGNX7TR
SAMPLE7,7,7433935,-,11,28020133,-,inversion,FI152UQ37C,89X8VFQJCD
SAMPLE7,7,30987719,+,15,31607367,+,tandem_duplication,1JIJ86YDS3,CL4XGDKUG0
SAMPLE8,NC_007605,132231,+,NC_007605,153898,-,tandem_duplication,XVXL1YUNY3,N5ATVJNVX9
SAMPLE8,12,5808948,+,1,126650799,+,inversion,DHHTZS0BXA,9R3ZGE3IXH
SAMPLE8,X,62416825,-,9,103363021,+,deletion,7AX4FKAKAK,HF1ETI110G
SAMPLE8,22,49569332,-,11,43957639,-,tandem_duplication,ZJGH7LM6AV,9L8Z8B3IMV
SAMPLE8,18,33987824,+,9,20235198,-,tandem_duplication,8XM6N804SW,AX3PXI48GR
SAMPLE8,5,62079602,+,GL000207.1,2272,+,tandem_duplication,BZB7B4WFB3,NCNV4H14CN
SAMPLE8,12,82038786,+,4,188188728,-,deletion,S129U3CYCM,8YJYOLTITN
SAMPLE8,1,238731382,+,5,147513508,+,tandem_duplication,XLUN7MJTAJ,GN5Z3BYX2X
SAMPLE8,hs37d5,25716840,+,GL000207.1,2466,-,deletion,7AUVMCJYB0,3GTL425DT3
SAMPLE8,19,30665368,-,15,88366003,-,deletion,GK7YOHPRXS,CT1IP0EUVH
SAMPLE8,14,82447532,-,21,15166596,-,deletion,496U6Z0SVN,MURBDM2A6G
SAMPLE8,21,17082231,-,20,15076736,-,inversion,CO9P7G1IGG,14AI31M02V
SAMPLE8,1,139050751,+,19,17400358,+,inversion,CAWBGB2XGN,OPGCA72Z00
SAMPLE8,18,23976076,+,GL000207.1,723,+,tandem_duplication,A9OHBGXCKQ,NBM30OQVRU
SAMPLE8,11,60328961,+,GL000207.1,256,+,translocation,ZH4PZ0U4A0,1HMPWUWLET
SAMPLE9,16,23453480,+,GL000207.1,3057,+,deletion,98ZYJ5ALOV,5FUH1AZPA0
SAMPLE9,7,95490728,+,9,89410590,-,deletion,FYDK568GIN,UJX2LBYPRZ
SAMPLE9,10,21675120,+,Y,27300286,+,tandem_duplication,WEK2P6N7A8,GO8C5MYWF9
SAMPLE9,NC_007605,118889,-,Y,30353363,+,inversion,XQ6Q60YSHM,LVVFCGGKMT
SAMPLE9,2,172625375,+,3,140646175,-,inversion,RIYAPG7Y85,EMJPDIYB8B
SAMPLE9,9,1853842,-,18,59233042,-,deletion,IEOOJSNII2,H52A5JY270
SAMPLE9,9,54636902,+,14,55352858,+,translocation,1UWZ33GM3B,MKR4ZN37FR
SAMPLE9,8,21951154,-,7,54405063,-,translocation,MHS14HPP3R,X0EYXQTYU2
SAMPLE9,15,42446898,-,20,9996637,-,tandem_duplication,UNHE56HB00,ATU9W7QOBH
SAMPLE9,1,8928882,-,Y,33387475,+,inversion,LH7ZVFY9KG,NGMDE51OG3
SAMPLE9,16,32688406,-,8,77568655,+,inversion,QIS13ZEE2H,SCZE01KD0Z
SAMPLE9,6,103119146,-,6,939420,-,deletion,ZPU0C5WVUB,F6JNF1FF11
SAMPLE9,19,14532685,+,10,6879161,+,deletion,YB2O0CHDU4,4PSGVQVNXP
SAMPLE9,NC_007605,28282,+,2,148488908,-,translocation,FTSARDD149,ROWAODH5YS
SAMPLE10,6,22883110,+,13,103743864,-,inversion,RE9I9P9P2B,P0L7N6I28J
SAMPLE10,MT,7973,-,10,64589648,-,inversion,ROFVKMI6XN,NRB5TIGW31
SAMPLE10,4,170386551,-,10,18115326,-,translocation,7HK6HBA03P,B2I9RFL1QS
SAMPLE10,13,1987292,-,16,30986341,-,tandem_duplication,20LWDLGBW9,ZP6CM7GTIZ
SAMPLE10,15,98927733,+,20,45592948,+,translocation,F7RNE23QBU,UXHC93P2H6
SAMPLE10,10,23863882,+,5,171994772,+,inversion,GEEUZIZ38F,ATLMZ8104J
SAMPLE10,X,38494022,+,8,41894232,-,translocation,FCB5OOKVCS,LOFLF6ZT3A
SAMPLE10,14,72225317,+,13,80044106,-,tandem_duplication,ELNV107ABY,JRKN4SU57O
SAMPLE10,4,43738331,-,MT,1988,-,translocation,PPCSBZWERV,I5OIRYQP8I
SAMPLE10,12,40058944,+,1,248492226,-,deletion,PAJPAEH2O7,X3ZE2O929G
SAMPLE10,X,14558186,-,15,22615302,-,inversion,6SRCV24HTA,W9F9D9M11L
SAMPLE10,10,59857362,+,8,15918102,-,tandem_duplication,GG53SLDQZQ,EX3SWZNHFF
SAMPLE10,10,62237971,+,NC_007605,139416,+,tandem_duplication,9D66W8DIC5,JERZRZ8AGT
