func,gene
intronic,MAP3K1
exonic,DNMT3A
exonic,EZR
intronic,DNMT3A
intronic,EZR
intronic,BRAF
intronic,DNMT3A
intronic,MAP3K1
splicing,ITPKB
upstream,MAP3K1
UTR5,FLT3
intronic,MAP3K1
intronic,ITPKB
intergenic,BRAF
exonic,EZR
intronic,EZR
exonic,EZR
UTR5,EZR
ncRNA_intronic,DNMT3A
intronic,DNMT3A
exonic,ITPKB
intronic,ITPKB
exonic,ITPKB
upstream,EZR
intronic,MAP3K1
exonic,BRAF
intronic,FLT3
exonic,EZR
exonic,MAP3K1
UTR3,MAP3K1
intronic,ITPKB
intronic,EZR
exonic,DNMT3A
intronic,FLT3
exonic,EZR
exonic,ITPKB
exonic,BRAF
exonic,DNMT3A
intronic,ITPKB
intronic,MAP3K1
splicing,MAP3K1
exonic,ITPKB
intronic,ITPKB
ncRNA_intronic,FLT3
intronic,FLT3
intronic,FLT3
UTR3,ITPKB
