MutationType,Gene
intergenic,DNMT3A
intronic,FBXW7
intronic,STK11
intronic,PTEN
intronic,STK11
intronic,FBXW7
intronic,STK11
intronic,BAP1
intronic,DNMT3A
intronic,CDKN2A
upstream,U2AF1
exonic,STK11
UTR5,U2AF1
exonic,STK11
ncRNA_splicing,CDKN2A
intronic,NRAS
intronic,BAP1
intronic,NRAS
intronic,FBXW7
intronic,BAP1
intronic,NRAS
intronic,U2AF1
intronic,TDRD10
exonic,STK11
intronic,NOTCH1
intronic,STK11
intronic,U2AF1
intronic,U2AF1
exonic,NRAS
downstream,CDH1
intronic,BAP1
exonic,CDH1
intronic,U2AF1
