func,gene
intronic,ARID2
intronic,U2AF1
intronic,ARID2
intronic,U2AF1
exonic,ARID2
exonic,NPM1
ncRNA_intronic,EGFR
intronic,QKI
UTR3,U2AF1
intronic,SMAD4
exonic,NPM1
intronic,NPM1
intronic,NPM1
exonic,QKI
intronic,ARID2
intronic,EGFR
exonic,PTEN
exonic,PTEN
ncRNA_exonic,AZGP1
intronic,SMAD4
exonic,PTEN
exonic,PTEN
exonic,AZGP1
exonic,ARID2
upstream,ARID2
intronic,NPM1
intronic,CBFB
intronic,QKI
upstream,SMAD4
intronic,U2AF1
intronic,U2AF1
exonic,SMAD4
ncRNA_splicing,NPM1
intronic,CBFB
intronic,U2AF1
intronic,EGFR
intronic,NPM1
intronic,B2M
intronic,U2AF1
intronic,QKI
intronic,SMAD4
intronic,U2AF1
intronic,QKI
exonic,NPM1
exonic,U2AF1
