func,gene
ncRNA_splicing,STK19
intronic,CDKN2A
exonic,TP53
intronic,IDH1
UTR5,AKT1
intronic,IDH1
ncRNA_intronic,MAP3K1
exonic,BRAF
intronic,PTPN11
exonic,IDH1
exonic,TP53
intronic,HRAS
intergenic,CDH1
exonic,PTPN11
intronic,STK19
intronic,CDKN2A
exonic,MAP3K1
intronic,AKT1
exonic,STK19
exonic,IDH1
intronic,MAP3K1
intronic,HRAS
intronic,CDKN2A
intronic,CDH1
intronic,BRAF
exonic,AKT1
intronic,STK19
intronic,STK19
intronic,BRAF
ncRNA_exonic,ZNF180
intronic,TP53
ncRNA_exonic,TP53
intronic,STK19
intronic,MAP3K1
intronic,IDH1
intronic,AKT1
ncRNA_intronic,ZNF180
ncRNA_exonic,HRAS
exonic,CDKN2A
intronic,IDH1
intronic,AKT1
exonic,MAP3K1
