MutationType,Gene
intronic,CDKN2A
ncRNA_exonic,MYB
intronic,IDH1
intronic,IDH1
intronic,MAP2K4
intronic,BAP1
exonic,BAP1
exonic,NOTCH1
exonic,BAP1
intronic,BAP1
intronic,IDH2
intronic,MYB
intronic,MYB
upstream,NF1
exonic,NFE2L2
exonic,IDH1
exonic,MAP2K4
exonic,MYB
exonic,FBXW7
exonic,NFE2L2
intronic,FBXW7
intronic,CDKN2A
exonic,NF1
intronic,FAM46C
ncRNA_intronic,FBXW7
ncRNA_exonic,MAP2K4
exonic,NFE2L2
exonic,BAP1
intronic,MAP2K4
exonic,NF1
exonic,FAM46C
intronic,MAP2K4
intronic,TP53
intronic,NF1
intronic,TP53
intronic,TP53
UTR3,TP53
exonic,MYB
intronic,NFE2L2
exonic,NF1
exonic,NF1
