func,gene
intronic,NRAS
exonic,WT1
intronic,BRAF
intronic,SMARCB1
exonic,SMARCB1
intronic,SMARCB1
intronic,SF3B1
exonic,GATA3
exonic,GATA3
intronic,SF3B1
intronic,NRAS
exonic,NRAS
exonic,MAP2K4
exonic,IDH1
intronic,GATA3
UTR5,WT1
ncRNA_splicing,NRAS
upstream,NRAS
intronic,SF3B1
exonic,GATA3
exonic,WT1
exonic,MAP2K4
exonic,IDH1
splicing,IDH1
intronic,BRAF
intronic,HRAS
intronic,GATA3
intronic,SF3B1
exonic,IDH1
upstream,MAP2K4
intronic,NRAS
UTR3,BRAF
ncRNA_intronic,SMARCB1
exonic,WT1
intronic,GATA3
upstream,HRAS
