MutationType,Gene
intronic,EP300
intronic,AKT1
exonic,MAP3K1
intronic,SMAD4
intronic,KRAS
ncRNA_exonic,SERPINB13
ncRNA_intronic,AKT1
UTR3,MLL
intronic,MLL
intergenic,AKT1
exonic,KRAS
intronic,SMAD4
intronic,KRAS
intronic,EP300
exonic,MLL
exonic,SERPINB13
downstream,MAP3K1
intronic,NPM1
intronic,EP300
intronic,AKT1
UTR3,SERPINB13
intronic,EP300
exonic,EP300
intronic,NPM1
exonic,MLL
exonic,SMAD4
exonic,PIK3R1
exonic,NPM1
exonic,NPM1
UTR3,SMAD4
exonic,PIK3R1
exonic,MLL
intronic,SERPINB13
exonic,NPM1
ncRNA_exonic,PIK3R1
intronic,MLL
intronic,EP300
intronic,KRAS
exonic,NPM1
intronic,AKT1
exonic,NPM1
exonic,SERPINB13
intronic,AKT1
exonic,PIK3R1
intronic,AKT1
intronic,SMAD4
intronic,MLL
exonic,MAP3K1
