MutationType,Gene
exonic,NPM1
downstream,AXIN2
intronic,U2AF1
intronic,CDH1
intronic,AXIN2
intronic,SPOP
exonic,ZNF620
intronic,U2AF1
intronic,MTOR
exonic,EGFR
intronic,ZNF620
ncRNA_splicing,MTOR
exonic,MTOR
intronic,ZNF620
UTR3,PIK3CA
exonic,CDKN2A
upstream,CDKN2A
intronic,RPS2
intronic,EGFR
intronic,NPM1
downstream,DDX3X
intronic,AXIN2
exonic,U2AF1
UTR3,DDX3X
exonic,U2AF1
intronic,RPS2
intronic,DDX3X
intronic,NPM1
intergenic,CDKN2A
exonic,EGFR
exonic,MTOR
exonic,MTOR
exonic,PIK3CA
exonic,CDH1
