MutationType,Gene
intronic,MAP3K1
intronic,STAG2
downstream,DNMT3A
exonic,APC
intronic,APC
ncRNA_intronic,NRAS
exonic,APC
intronic,STAG2
intronic,MAP3K1
exonic,MAP3K1
intronic,NRAS
intronic,NRAS
intronic,MAP3K1
intronic,MAP3K1
exonic,DNMT3A
intronic,MAP3K1
exonic,DNMT3A
exonic,APC
intronic,APC
exonic,NRAS
intronic,STAG2
exonic,APC
intronic,MAP3K1
exonic,NRAS
exonic,MAP3K1
intronic,STAG2
intronic,NRAS
exonic,NRAS
UTR3,DNMT3A
intronic,STAG2
exonic,MAP3K1
intronic,DNMT3A
downstream,APC
exonic,STAG2
intronic,NRAS
