func,gene
splicing,APC
intronic,KRAS
intronic,PPP2R1A
upstream,PIK3CA
intronic,KRAS
intronic,PIK3CA
UTR5,STK11
exonic,KRAS
exonic,PIK3CA
exonic,PPP2R1A
exonic,KRAS
intronic,PIK3CA
intronic,RUNX1
intronic,PPP2R1A
upstream,PPP2R1A
exonic,RUNX1
intronic,APC
exonic,PPP2R1A
exonic,RUNX1
exonic,KRAS
intronic,KRAS
intronic,STK11
intronic,APC
ncRNA_exonic,PPP2R1A
exonic,RUNX1
intronic,PIK3CA
intronic,STK11
intronic,APC
splicing,APC
exonic,PIK3CA
ncRNA_exonic,STK11
intronic,APC
intronic,PIK3CA
exonic,KRAS
splicing,RUNX1
intronic,RUNX1
intronic,CASP8
intronic,APC
intronic,RUNX1
ncRNA_intronic,CASP8
exonic,KRAS
exonic,STK11
intronic,PPP2R1A
exonic,APC
exonic,KRAS
intronic,STK11
