func,gene
exonic,CASP8
exonic,ACO1
splicing,ACO1
intronic,CASP8
exonic,IDH1
intronic,MED12
exonic,ACO1
intronic,ACO1
intronic,ACO1
intronic,SMAD4
upstream,ACO1
exonic,MED12
exonic,CASP8
exonic,SMAD4
ncRNA_exonic,CASP8
ncRNA_intronic,MED12
intronic,ACO1
exonic,ACO1
exonic,DIS3
intronic,IDH1
intronic,DIS3
ncRNA_splicing,ACO1
intronic,CASP8
exonic,MED12
ncRNA_exonic,ACO1
intronic,DNMT3A
intronic,ACO1
intronic,CASP8
intergenic,CASP8
intergenic,ACO1
UTR3,MED12
intronic,DNMT3A
exonic,ACO1
exonic,ACO1
intronic,SMAD4
intronic,CASP8
exonic,DNMT3A
ncRNA_intronic,DNMT3A
intronic,MED12
intronic,MED12
intronic,DNMT3A
