MutationType,Gene
ncRNA_exonic,RUNX1
intronic,FLT3
exonic,NRAS
intronic,IDH1
intronic,IDH1
exonic,IDH1
ncRNA_exonic,NRAS
intronic,CDH1
intronic,PIK3R1
exonic,MAP2K4
intronic,CDKN2A
exonic,PIK3R1
intronic,RUNX1
exonic,IDH1
exonic,NSD1
intronic,NRAS
intronic,NRAS
exonic,CDKN2A
exonic,PTEN
intronic,NRAS
intergenic,FLT3
exonic,FLT3
downstream,RUNX1
intronic,IDH1
intronic,NSD1
intronic,NSD1
exonic,CDH1
exonic,NSD1
exonic,RUNX1
intronic,NRAS
intronic,PTEN
intronic,NSD1
exonic,NSD1
intronic,PIK3R1
intronic,FLT3
intronic,NRAS
intronic,PIK3R1
intronic,NSD1
intronic,MAP2K4
exonic,NSD1
intronic,MAP2K4
intronic,CDH1
intronic,NSD1
exonic,IDH1
