MutationType,Gene
intronic,CASP8
intronic,FLT3
exonic,ARID1A
intronic,DNMT3A
intronic,GATA3
ncRNA_intronic,TRIM23
intronic,TP53
exonic,CASP8
intronic,FLT3
intronic,FLT3
intronic,MAP3K1
intergenic,TP53
upstream,DNMT3A
intronic,DNMT3A
intronic,NRAS
upstream,MAP3K1
exonic,NRAS
exonic,DNMT3A
exonic,TRIM23
intronic,TP53
intronic,FLT3
UTR3,TP53
ncRNA_intronic,CASP8
exonic,DNMT3A
exonic,MAP3K1
intronic,ARID1A
intronic,MAP3K1
intronic,DNMT3A
intronic,GATA3
intronic,ARID1A
ncRNA_intronic,DNMT3A
exonic,GATA3
intronic,DNMT3A
ncRNA_exonic,DNMT3A
intronic,CASP8
ncRNA_intronic,FLT3
exonic,FLT3
intronic,DNMT3A
exonic,TP53
exonic,FLT3
exonic,FLT3
exonic,TRIM23
ncRNA_exonic,TRIM23
exonic,TP53
intronic,ARID1A
ncRNA_splicing,GATA3
intronic,NPM1
intronic,TP53
intronic,TP53
